City,Lat,Lng,Max Temp,Humidity,Cloudlness,Wind Speed,Country,Date
Rikitea,-23.1203,-134.9692,24.79,68,25,5.15,PF,1619637789
Coyhaique,-45.5752,-72.0662,12.0,66,75,1.54,CL,1619637555
Pisco,-13.7,-76.2167,19.0,88,90,3.6,PE,1619637453
Planaltina,-15.4528,-47.6142,27.0,54,75,4.12,BR,1619638046
Marawi,7.9986,124.2928,24.44,88,90,2.68,PH,1619638046
Busselton,-33.65,115.3333,16.11,97,100,0.45,AU,1619638046
Esso,55.9333,158.7,-2.98,96,100,0.54,RU,1619638047
Vaini,-21.2,-175.2,21.0,100,75,0.51,TO,1619637907
Ushuaia,-54.8,-68.3,6.0,75,40,9.77,AR,1619637835
Kargat,55.1956,80.2811,6.43,89,100,3.68,RU,1619638048
Ribeira Grande,38.5167,-28.7,17.0,59,40,6.17,PT,1619638048
Jamestown,42.097,-79.2353,21.11,82,75,3.6,US,1619637866
Hermanus,-34.4187,19.2345,12.78,87,13,3.75,ZA,1619638049
Elk Point,42.6833,-96.6836,16.11,75,100,1.34,US,1619638049
Reconquista,-29.15,-59.65,22.66,42,0,0.8,AR,1619638050
Marsá Maţrūḩ,31.3525,27.2453,20.0,60,0,3.6,EG,1619638050
Nhulunbuy,-12.2333,136.7667,25.0,88,96,3.09,AU,1619638051
Albany,42.6001,-73.9662,23.89,36,100,1.71,US,1619637990
Cape Town,-33.9258,18.4232,15.56,72,40,3.09,ZA,1619638052
Vanimo,-2.6741,141.3028,25.16,86,100,2.27,PG,1619638052
Kisanga,-7.4362,37.7034,22.54,96,82,0.69,TZ,1619638032
Mataura,-46.1927,168.8643,12.22,92,100,3.13,NZ,1619638053
Hithadhoo,-0.6,73.0833,28.59,69,13,2.05,MV,1619637937
Avarua,-21.2078,-159.775,28.0,78,20,2.57,CK,1619638054
Bluff,-46.6,168.3333,12.22,92,100,3.13,NZ,1619638054
Severo-Kuril'sk,50.6789,156.125,0.96,90,100,1.77,RU,1619638055
Hennenman,-27.9765,27.0242,18.32,26,93,4.05,ZA,1619638055
Los Llanos de Aridane,28.6585,-17.9182,21.0,64,40,0.97,ES,1619638056
Mar del Plata,-38.0023,-57.5575,24.0,50,0,7.2,AR,1619638056
Cherskiy,68.75,161.3,-5.55,90,100,3.23,RU,1619638057
Hobart,-42.8794,147.3294,13.0,71,70,4.12,AU,1619638057
Egvekinot,66.3167,-179.1667,-9.76,87,47,1.15,RU,1619638058
Port Alfred,-33.5906,26.891,19.66,81,88,5.32,ZA,1619638058
Nanortalik,60.1432,-45.2371,2.75,87,88,0.68,GL,1619638058
Vryheid,-27.7695,30.7917,14.35,90,6,2.83,ZA,1619638059
Bredasdorp,-34.5322,20.0403,12.0,82,95,2.06,ZA,1619637907
Saint-Leu,-21.15,55.2833,24.0,83,0,3.6,RE,1619637899
Iisalmi,63.5592,27.1907,1.0,69,0,2.06,FI,1619638060
Benalla,-36.55,145.9833,2.0,100,40,1.7,AU,1619638060
Port Hedland,-20.3167,118.5667,21.0,49,0,3.09,AU,1619638061
Novobirilyussy,56.9514,90.6661,5.84,92,100,7.53,RU,1619638061
Sabang,5.8933,95.3214,28.34,70,65,1.11,ID,1619638062
Punta Arenas,-53.15,-70.9167,6.0,81,75,9.77,CL,1619638062
Yellowknife,62.456,-114.3525,-6.0,63,90,6.69,CA,1619637909
Kutum,14.2,24.6667,27.22,9,100,3.92,SD,1619638063
General Pico,-35.6566,-63.7568,23.61,49,0,2.96,AR,1619638063
Constitución,-35.3333,-72.4167,19.26,57,36,4.2,CL,1619638064
Rio Grande,-32.035,-52.0986,22.0,53,20,5.14,BR,1619638027
Puerto Ayora,-0.7393,-90.3518,28.0,69,75,7.2,EC,1619638064
Ojinaga,29.5667,-104.4167,28.0,17,75,2.06,MX,1619638065
Oranjestad,12.524,-70.027,29.0,58,40,8.23,AW,1619637936
Chokurdakh,70.6333,147.9167,-16.78,93,82,3.26,RU,1619638065
Richards Bay,-28.783,32.0377,20.56,89,7,2.11,ZA,1619638066
Rodolfo Sánchez Taboada,31.7167,-116.5667,21.67,35,0,3.58,MX,1619638066
Trat,12.5,102.5,27.22,99,100,0.76,TH,1619638067
Lagoa,39.05,-27.9833,14.84,70,88,6.2,PT,1619638068
Port Elizabeth,-33.918,25.5701,18.0,88,40,2.06,ZA,1619637970
George Town,5.4112,100.3354,26.0,89,20,1.03,MY,1619638068
Atuona,-9.8,-139.0333,26.38,71,82,5.9,PF,1619637838
Barrow,71.2906,-156.7887,-7.0,86,90,3.09,US,1619638069
Ancud,-41.8697,-73.8203,12.78,100,90,1.03,CL,1619637911
Fukuechō,32.6881,128.8419,17.35,92,100,4.88,JP,1619637964
Khatanga,71.9667,102.5,-9.36,95,100,1.86,RU,1619638070
Hilo,19.7297,-155.09,27.0,57,1,2.06,US,1619638071
Sitka,57.0531,-135.33,8.0,87,90,2.57,US,1619638071
Ormara,25.2088,64.6357,27.73,77,60,3.76,PK,1619638071
Marabu,4.4148,114.0089,24.0,94,40,1.03,MY,1619637977
Qaanaaq,77.484,-69.3632,-0.27,85,100,5.22,GL,1619637841
Nome,64.5011,-165.4064,0.0,74,1,9.26,US,1619637859
Adrar,20.5022,-10.0711,33.97,16,20,3.25,MR,1619638073
Rincon,32.296,-81.2354,27.78,57,75,4.12,US,1619637888
Tanete,-3.9443,119.7848,23.55,94,100,0.15,ID,1619638073
Naze,28.3667,129.4833,19.78,84,100,7.72,JP,1619638074
Lavrentiya,65.5833,-171.0,-6.37,83,7,3.17,RU,1619638074
Oktyabr'skiy,54.4815,53.471,4.03,79,12,4.38,RU,1619638075
Tiruchchendur,8.4833,78.1167,29.14,74,100,8.47,IN,1619638075
Olaszliszka,48.25,21.4333,13.0,58,0,3.09,HU,1619638076
Hong Kong,22.2855,114.1577,22.78,84,100,0.45,HK,1619638076
Ayagoz,47.9714,80.4392,16.3,35,14,2.83,KZ,1619638076
Iquitos,-3.7481,-73.2472,29.0,74,40,2.57,PE,1619638077
Hobyo,5.3505,48.5268,29.35,66,58,5.55,SO,1619637870
Souillac,-20.5167,57.5167,25.0,94,75,5.66,MU,1619638078
Kumul,42.8,93.45,17.81,18,14,2.13,CN,1619638078
Ponta do Sol,32.6667,-17.1,17.22,77,80,1.34,PT,1619638079
Fort Nelson,58.8053,-122.7002,-2.0,54,75,0.58,CA,1619638079
Dikson,73.5069,80.5464,-4.05,96,100,3.8,RU,1619637906
Longyearbyen,78.2186,15.6401,-6.0,68,40,4.12,SJ,1619637928
Port-Cartier,50.0334,-66.8654,10.56,46,90,6.17,CA,1619638026
Sinaloa,25.0,-107.5,28.89,36,75,2.51,MX,1619638080
Avera,33.194,-82.5271,28.0,47,75,3.09,US,1619637837
Arraial do Cabo,-22.9661,-42.0278,26.0,69,40,5.14,BR,1619638081
Karasburg,-28.0167,18.75,16.44,54,75,5.74,NA,1619638081
Hamilton,39.1834,-84.5333,27.22,65,75,4.12,US,1619637990
Carnarvon,-24.8667,113.6333,17.0,94,0,2.06,AU,1619638082
Kaitangata,-46.2817,169.8464,12.22,81,100,0.45,NZ,1619637931
Saldanha,-33.0117,17.9442,15.0,72,96,4.12,ZA,1619638083
Palora,-1.7,-77.9333,25.0,73,75,2.06,EC,1619638083
Namatanai,-3.6667,152.4333,25.96,82,51,2.59,PG,1619638084
Upernavik,72.7868,-56.1549,-0.35,82,94,4.89,GL,1619637923
Saint George,37.1041,-113.5841,22.78,28,1,3.6,US,1619638084
Nago,26.5881,127.9761,22.0,83,90,5.14,JP,1619638085
Fortuna,40.5982,-124.1573,18.33,88,40,6.69,US,1619638085
Saint Paul Harbor,57.79,-152.4072,6.0,87,90,5.66,US,1619637924
Westport,41.1415,-73.3579,24.44,67,1,2.06,US,1619638086
Coquimbo,-29.9533,-71.3436,18.0,68,0,6.17,CL,1619637919
Yalutorovsk,56.6536,66.3006,9.34,53,100,4.49,RU,1619638087
Duluth,46.7833,-92.1066,15.0,71,1,3.09,US,1619638087
Emerald,-23.5333,148.1667,16.0,77,99,2.06,AU,1619638088
Booué,-0.0921,11.9385,23.24,98,84,1.25,GA,1619638088
Hambantota,6.1241,81.1185,25.0,100,75,1.54,LK,1619638089
Narsaq,60.9167,-46.05,9.0,53,20,6.17,GL,1619638089
La Rioja,42.25,-2.5,14.0,72,90,1.03,ES,1619638090
Nikolskoye,59.7035,30.7861,3.33,69,0,3.0,RU,1619637918
Tasiilaq,65.6145,-37.6368,0.0,93,75,2.57,GL,1619638090
Bethel,41.3712,-73.414,27.78,36,1,4.63,US,1619638091
Leningradskiy,69.3833,178.4167,-10.44,86,24,2.58,RU,1619637932
Biltine,14.5333,20.9167,31.95,8,57,4.19,TD,1619638092
Stonewall,50.1344,-97.3268,8.89,46,90,8.23,CA,1619638092
Lebu,-37.6167,-73.65,16.82,73,100,2.67,CL,1619637980
Hasaki,35.7333,140.8333,16.0,88,75,2.57,JP,1619638093
Dubuque,42.4833,-90.8668,19.0,55,1,3.6,US,1619638093
Geraldton,-28.7667,114.6,15.0,77,100,3.09,AU,1619638094
Butaritari,3.0707,172.7902,28.02,75,100,4.46,KI,1619638094
Puerto del Rosario,28.5004,-13.8627,21.0,68,20,4.12,ES,1619638095
Ponta Delgada,37.7333,-25.6667,16.0,67,20,2.57,PT,1619638032
Kopargaon,19.8833,74.4833,29.07,29,33,2.32,IN,1619638096
Nouadhibou,20.931,-17.0347,20.0,83,0,7.72,MR,1619638096
East London,-33.0153,27.9116,17.0,94,0,4.12,ZA,1619638096
Jacareacanga,-6.2222,-57.7528,25.0,94,90,1.03,BR,1619638097
Port-Gentil,-0.7193,8.7815,26.0,94,20,1.03,GA,1619638097
Saraland,30.8207,-88.0706,28.33,70,9,0.45,US,1619638098
Savannah Bight,16.45,-85.85,32.0,58,20,4.12,HN,1619638098
Mahébourg,-20.4081,57.7,25.0,94,75,5.66,MU,1619638099
New Norfolk,-42.7826,147.0587,10.56,85,98,1.27,AU,1619638099
Ayan,56.45,138.1667,-1.19,77,100,6.59,RU,1619638100
Khāsh,28.2211,61.2158,22.82,25,5,2.36,IR,1619638100
Provideniya,64.3833,-173.3,-1.0,69,0,3.76,RU,1619638101
Arteaga,18.4667,-102.4167,32.6,21,12,2.21,MX,1619638101
Mildura,-34.2,142.15,7.0,76,0,2.06,AU,1619638102
Chui,-33.6971,-53.4616,19.79,55,4,2.25,UY,1619638102
Airai,-8.9266,125.4092,14.07,80,12,0.5,TL,1619638103
Berlin,52.5244,13.4105,13.89,44,0,3.09,DE,1619637815
Amazar,53.858,120.875,-3.56,87,100,4.13,RU,1619638103
Lokosovo,61.1333,74.8167,4.93,77,82,3.12,RU,1619638104
Alma,48.5501,-71.6491,17.0,41,22,5.14,CA,1619638104
Kavaratti,10.5669,72.642,29.18,70,0,2.25,IN,1619638105
Bondo,3.8146,23.6866,21.44,97,100,2.22,CD,1619638105
Vuktyl,63.8567,57.3094,3.68,90,100,1.52,RU,1619638106
Suleja,9.1758,7.1808,29.76,46,100,2.23,NG,1619638025
Saint-Philippe,-21.3585,55.7679,24.0,83,0,3.6,RE,1619638106
Mount Gambier,-37.8333,140.7667,8.0,100,7,3.09,AU,1619638107
Touros,-5.1989,-35.4608,29.0,70,75,5.66,BR,1619638107
Ploemeur,47.7333,-3.4333,12.22,50,40,4.12,FR,1619638108
Monchegorsk,67.9397,32.8739,-7.69,85,99,1.45,RU,1619638108
Chapais,49.7834,-74.8492,15.0,31,1,3.09,CA,1619637988
Te Anau,-45.4167,167.7167,9.7,94,100,1.77,NZ,1619638109
Buala,-8.145,159.5921,25.68,84,23,1.9,SB,1619638109
Gaya,24.7833,85.0,25.0,36,0,2.06,IN,1619638110
Māngrol,21.1167,70.1167,27.34,76,100,3.68,IN,1619638110
São Filipe,14.8961,-24.4956,22.87,75,40,6.53,CV,1619638111
Glushkovo,51.3392,34.6328,4.35,72,14,0.61,RU,1619638111
Tuktoyaktuk,69.4541,-133.0374,-4.0,74,75,7.2,CA,1619637931
Lüderitz,-26.6481,15.1594,16.77,79,0,7.19,NA,1619638112
Hirado,33.3597,129.5531,16.67,84,100,0.89,JP,1619638112
Arrondissement de Limoges,45.75,1.3333,12.0,58,0,2.57,FR,1619638113
Havelock,34.8791,-76.9013,27.0,50,1,7.72,US,1619638113
Tuatapere,-46.1333,167.6833,12.22,92,99,3.13,NZ,1619638114
Mnogovershinnyy,53.9353,139.9242,-4.01,86,100,3.52,RU,1619638115
Teya,60.3778,92.6267,2.14,98,100,1.29,RU,1619638115
Nemuro,43.3236,145.575,5.0,89,100,4.33,JP,1619638116
Karoi,-16.8099,29.6925,18.45,65,9,1.51,ZW,1619638116
Corner Brook,48.9667,-57.9484,8.0,81,75,3.09,CA,1619637901
Castro,-24.7911,-50.0119,20.58,51,3,2.66,BR,1619637936
Ilulissat,69.2167,-51.1,1.0,80,40,2.57,GL,1619638117
Molokovo,58.1661,36.7628,0.55,91,74,2.29,RU,1619638117
Atar,20.5169,-13.0499,37.0,11,86,4.12,MR,1619638118
Hudson Bay,52.85,-102.3842,5.74,27,73,0.73,CA,1619638118
Krasnosel'kup,65.7,82.4667,-0.34,95,100,4.36,RU,1619638119
Thompson,55.7435,-97.8558,-1.0,31,20,7.2,CA,1619637908
Sampit,-2.5333,112.95,23.2,98,100,0.83,ID,1619638119
Mayo,38.8876,-76.5119,30.0,37,1,4.63,US,1619638120
Mangan,27.5167,88.5333,20.43,62,83,2.54,IN,1619637923
Mandalgovi,45.7625,106.2708,0.04,54,81,4.98,MN,1619638121
Torbay,47.6666,-52.7314,8.33,81,75,8.75,CA,1619638121
Venâncio Aires,-29.6064,-52.1919,22.78,58,0,0.89,BR,1619638121
Praia da Vitória,38.7333,-27.0667,16.0,82,75,5.31,PT,1619637938
Slantsy,59.1182,28.0914,0.79,88,100,1.44,RU,1619638122
Kapaa,22.0752,-159.319,24.44,73,40,2.57,US,1619638021
Pitimbu,-7.4706,-34.8086,29.0,74,75,4.12,BR,1619638123
Sarandi,-23.4436,-51.8739,26.0,38,20,3.09,BR,1619638123
West Fargo,46.875,-96.9004,22.22,32,20,2.57,US,1619638124
Yangi Marg`ilon,40.4272,71.7189,22.0,30,0,4.12,UZ,1619638125
Oriximiná,-1.7656,-55.8661,29.34,68,97,0.48,BR,1619638125
Erāttupetta,9.7,76.7833,28.0,89,40,1.03,IN,1619638126
Swan Hill,-35.3378,143.5544,11.08,71,3,1.77,AU,1619638126
Rocha,-34.4833,-54.3333,19.27,64,100,2.47,UY,1619638127
Vila Velha,-20.3297,-40.2925,25.0,73,75,5.66,BR,1619638127
Nantucket,41.2835,-70.0995,13.0,82,90,2.57,US,1619637997
Santa Maria,-29.6842,-53.8069,22.0,46,0,1.54,BR,1619637886
Caravelas,-17.7125,-39.2481,26.53,68,16,3.03,BR,1619638128
Nazarovo,56.0064,90.3914,6.58,85,100,10.22,RU,1619638129
Saskylakh,71.9167,114.0833,-6.68,97,88,3.06,RU,1619638129
Bodden Town,19.2833,-81.25,31.0,55,40,5.14,KY,1619638130
Nizhniy Odes,63.6445,54.856,2.46,88,100,1.01,RU,1619638130
Kununurra,-15.7667,128.7333,26.0,89,90,1.03,AU,1619638130
Havre-St-Pierre,50.2334,-63.5986,5.0,93,90,4.12,CA,1619638131
Cidreira,-30.1811,-50.2056,20.45,68,90,5.2,BR,1619638132
Eureka,40.8021,-124.1637,17.78,93,90,2.57,US,1619638132
Broome,42.2506,-75.833,25.56,38,40,6.17,US,1619638132
Hofn,64.2539,-15.2082,5.0,48,20,8.23,IS,1619638133
Kang,-23.6752,22.7876,22.81,32,50,3.22,BW,1619638133
Querfurt,51.3833,11.6,12.22,32,100,0.45,DE,1619638134
Winterberg,51.2,8.5333,17.0,31,20,3.09,DE,1619638134
Yermolayevo,52.7167,55.8,6.29,77,100,2.71,RU,1619638135
Manta,-0.95,-80.7333,28.0,69,75,3.6,EC,1619638135
Aklavik,68.2191,-135.0107,1.0,34,16,3.6,CA,1619638135
Balkhash,46.844,74.9804,17.54,35,37,1.87,KZ,1619638136
Thinadhoo,0.5333,72.9333,28.59,66,100,2.5,MV,1619638136
Vanavara,60.34,102.2797,-3.87,91,21,2.29,RU,1619638137
Aykhal,66.0,111.5,-10.46,99,86,3.2,RU,1619638137
Saint-François,46.4154,3.9054,12.0,94,90,2.06,FR,1619637937
Markova,48.6758,24.4138,7.0,70,0,5.0,UA,1619638138
Qasigiannguit,68.8193,-51.1922,1.0,80,40,2.57,GL,1619638139
Lima,-12.0432,-77.0282,21.11,73,40,4.12,PE,1619638134
Siwāna,25.6333,72.4167,31.65,21,90,3.39,IN,1619638139
Biak,-0.9131,122.8766,24.66,80,86,1.91,ID,1619638140
Vila Franca do Campo,37.7167,-25.4333,16.0,67,20,2.57,PT,1619638140
Fergus Falls,46.283,-96.0776,17.78,48,1,2.06,US,1619638141
Vikhorevka,56.1201,101.1636,-1.0,43,100,6.0,RU,1619638141
Verāval,20.9,70.3667,27.33,76,93,4.94,IN,1619638142
Ban Nahin,18.2418,104.2122,23.33,95,100,1.57,LA,1619638142
Fort-Shevchenko,44.5086,50.263,14.0,69,100,6.72,KZ,1619638143
Kavieng,-2.5744,150.7967,27.79,73,89,1.89,PG,1619638143
Laas,46.6166,10.7002,17.0,71,75,2.06,IT,1619638144
Zhangjiakou Shi Xuanhua Qu,40.6103,115.0447,9.18,24,92,2.77,CN,1619638145
Anadyr,64.75,177.4833,-7.0,73,0,3.0,RU,1619638145
Norman Wells,65.282,-126.8329,-1.0,59,20,6.17,CA,1619638145
Chenzhou,25.8,113.0333,15.59,98,100,1.11,CN,1619638111
Gallup,35.5281,-108.7426,14.0,33,1,10.29,US,1619638146
Bonavista,48.6499,-53.1147,6.0,75,99,5.14,CA,1619638146
La Asuncion,11.0333,-63.8628,32.0,51,100,6.69,VE,1619638000
Alugan,12.2188,125.4808,25.81,75,100,2.01,PH,1619638147
Pando,-34.7167,-55.95,21.0,52,0,3.09,UY,1619638148
Caraballeda,10.6112,-66.8522,27.0,78,90,1.03,VE,1619638148
Mingyue,43.1069,128.9217,2.75,49,3,1.47,CN,1619638149
Forbes,-33.3833,148.0167,11.11,76,5,2.13,AU,1619638149
Boulder City,35.9786,-114.8325,25.0,15,1,6.69,US,1619638150
Viedma,-40.8135,-62.9967,24.43,33,100,0.42,AR,1619638150
Anan,33.9167,134.65,16.0,94,75,3.09,JP,1619638151
Alihe,50.5667,123.7167,-2.12,82,6,0.83,CN,1619638151
Pancas,-19.225,-40.8514,25.1,81,25,2.07,BR,1619638152
Shimoda,34.6667,138.95,18.89,91,100,0.45,JP,1619638152
Arkadelphia,34.1209,-93.0538,25.0,88,40,6.0,US,1619638035
Panama City,8.9936,-79.5197,31.11,66,40,3.6,PA,1619637977
Alofi,-19.0595,-169.9187,25.0,100,100,4.12,NU,1619638153
Manicoré,-5.8092,-61.3003,25.0,94,40,1.54,BR,1619638154
Guerrero Negro,27.9769,-114.0611,18.62,56,0,8.26,MX,1619638154
Sar-e Pul,35.8333,66.1667,17.92,31,0,2.19,AF,1619638155
Lorengau,-2.0226,147.2712,26.98,78,7,2.41,PG,1619638156
Badnāwar,23.0167,75.2167,27.0,14,20,2.06,IN,1619638156
Bundoran,54.4778,-8.2809,9.0,71,90,4.12,IE,1619638157
Esil,51.9556,66.4042,11.65,65,96,2.59,KZ,1619638157
Pokaran,26.9167,71.9167,31.38,21,100,5.45,IN,1619638158
Makaha,21.4694,-158.2175,26.67,69,20,2.06,US,1619638158
Makakilo City,21.3469,-158.0858,27.0,61,1,3.09,US,1619638121
Vestmannaeyjar,63.4427,-20.2734,8.0,76,20,5.14,IS,1619638159
Laguna,38.421,-121.4238,26.11,20,1,2.57,US,1619638159
Merrill,45.1805,-89.6835,17.22,48,20,2.57,US,1619638160
Belmonte,-15.8631,-38.8828,27.0,74,20,3.6,BR,1619637935
Faya,18.3851,42.4509,16.0,82,20,0.68,SA,1619638160
Iqaluit,63.7506,-68.5145,-1.0,93,90,5.14,CA,1619638161
Labuhan,-6.8844,112.2051,24.86,81,100,2.43,ID,1619638162
Lompoc,34.6391,-120.4579,25.56,49,0,8.23,US,1619638162
Aspindza,41.5739,43.2483,12.3,71,82,0.9,GE,1619638163
La Ronge,55.1001,-105.2842,-1.0,40,100,2.57,CA,1619637962
Esperance,-33.8667,121.9,19.0,48,100,7.72,AU,1619638163
Belūsovka,50.1339,82.5239,14.0,41,75,2.0,KZ,1619638164
Winkler,49.1817,-97.941,11.0,37,100,4.63,CA,1619638165
Grindavik,63.8424,-22.4338,8.0,66,0,6.17,IS,1619638165
Kitgum,3.2783,32.8867,22.63,74,100,0.94,UG,1619638165
Severo-Yeniseyskiy,60.3725,93.0408,-0.05,96,100,1.5,RU,1619638166
Charters Towers,-20.1,146.2667,16.73,87,0,2.91,AU,1619638167
Harsīn,34.2721,47.5861,14.0,38,0,4.12,IR,1619638167
Gaza,31.5,34.4667,20.56,77,0,1.54,PS,1619638168
Nokaneng,-19.6667,22.2667,21.19,55,12,1.8,BW,1619638168
Abu Dhabi,24.4667,54.3667,34.0,26,100,4.63,AE,1619638168
Teguise,29.0605,-13.564,21.0,60,20,5.14,ES,1619638169
Poya,-21.35,165.15,19.27,73,0,2.21,NC,1619638169
Hervey Bay,-25.2986,152.8535,17.78,89,80,0.45,AU,1619638170
Barcelos,41.5388,-8.6151,15.0,72,20,6.17,PT,1619638170
Nosy Varika,-20.5833,48.5333,22.85,89,14,1.16,MG,1619638171
Anloga,5.7947,0.8973,28.0,78,20,2.06,GH,1619638171
Warri,5.5167,5.75,25.96,76,79,1.21,NG,1619638171
Kiryat Gat,31.61,34.7642,20.56,71,0,2.95,IL,1619638172
Sainte-Maxime,43.3,6.6333,16.0,67,0,1.54,FR,1619638172
Wald-Michelbach,49.57,8.8317,14.44,66,100,1.79,DE,1619638173
Sisimiut,66.9395,-53.6735,4.31,66,100,1.97,GL,1619638173
Talnakh,69.4865,88.3972,0.74,94,100,5.01,RU,1619638174
Fairbanks,64.8378,-147.7164,7.78,24,1,3.6,US,1619638040
Sørland,67.667,12.6934,3.0,65,20,5.14,NO,1619638174
Rāmban,33.25,75.25,16.97,53,26,3.82,IN,1619638175
Ayr,55.4627,-4.6339,9.0,53,40,2.57,GB,1619638175
Quatre Cocos,-20.2078,57.7625,25.0,94,75,5.66,MU,1619638176
Monte Alegre,-2.0078,-54.0692,29.01,68,95,1.89,BR,1619638176
Ustka,54.5805,16.8619,8.12,62,100,5.09,PL,1619638177
Neuquén,-38.9516,-68.0591,21.0,60,0,1.03,AR,1619638114
Ostrovnoy,68.0531,39.5131,-5.08,83,100,3.81,RU,1619638177
Port Moresby,-9.4431,147.1797,24.0,100,75,1.54,PG,1619637919
Yar-Sale,66.8333,70.8333,-11.21,96,46,2.75,RU,1619638178
Cayenne,4.9333,-52.3333,28.0,83,75,3.09,GF,1619638179
Båtsfjord,70.6345,29.7185,-6.0,86,75,5.66,NO,1619638179
Arkhangelsk,64.5401,40.5433,-2.0,80,20,1.76,RU,1619638095
Onega,63.9061,38.1404,-2.0,69,55,1.43,RU,1619638180
Atambua,-9.1061,124.8925,20.75,82,16,1.2,ID,1619638180
Dalvik,65.9702,-18.5286,5.0,52,20,7.2,IS,1619638181
Salalah,17.0151,54.0924,29.0,79,40,3.09,OM,1619638181
San Quintín,30.4833,-115.95,18.13,56,0,5.25,MX,1619637925
Senador Guiomard,-10.1522,-67.7392,28.0,69,75,2.57,BR,1619638182
Kahului,20.8947,-156.47,26.0,73,40,3.09,US,1619638182
Faanui,-16.4833,-151.75,27.82,72,100,5.51,PF,1619638183
Baykit,61.67,96.37,-1.01,94,100,1.73,RU,1619638184
Batticaloa,7.7102,81.6924,27.82,73,99,0.91,LK,1619638184
Roald,62.5833,6.1333,5.0,70,20,8.23,NO,1619637968
Tiksi,71.6872,128.8694,-6.99,93,69,3.97,RU,1619638185
Barkhan,29.8977,69.5256,26.15,22,100,2.25,PK,1619638185
Mirador,-6.3708,-44.3631,29.41,69,100,1.17,BR,1619638186
Bandarbeyla,9.4942,50.8122,28.83,76,19,3.68,SO,1619638186
Carauari,-4.8828,-66.8958,23.69,97,100,0.68,BR,1619638187
Törökszentmiklós,47.1833,20.4167,13.0,76,0,2.18,HU,1619638187
Kaa-Khem,51.6833,94.7333,5.73,93,100,1.31,RU,1619638188
Champerico,14.3,-91.9167,32.0,48,75,4.12,GT,1619638188
Barra do Garças,-15.89,-52.2567,33.0,35,20,1.54,BR,1619638188
Montepuez,-13.1256,38.9997,20.6,98,80,1.62,MZ,1619638189
Ballina,-28.8667,153.5667,13.89,100,40,2.57,AU,1619638189
Cam Ranh,11.9214,109.1591,27.0,78,20,2.57,VN,1619638190
Buchanan,5.8808,-10.0467,28.0,83,20,2.57,LR,1619638191
Port Blair,11.6667,92.75,27.79,73,97,0.77,IN,1619638191
Ossora,59.2353,163.0719,-0.36,96,100,2.84,RU,1619638191
Grand-Santi,4.25,-54.3833,26.95,91,64,1.31,GF,1619638192
Palmer,42.1584,-72.3287,23.33,37,75,1.71,US,1619638192
Bambous Virieux,-20.3428,57.7575,25.0,94,75,5.66,MU,1619638193
Siedlce,52.1677,22.2901,8.33,42,17,4.12,PL,1619638194
Necochea,-38.5473,-58.7368,20.56,65,96,2.68,AR,1619638194
Sioux Lookout,50.1001,-91.917,17.0,31,75,2.06,CA,1619638194
Kasempa,-13.4584,25.8338,21.94,62,92,1.94,ZM,1619638195
Lyngseidet,69.5763,20.2189,-1.0,80,75,3.09,NO,1619638195
Arlit,18.7369,7.3853,36.31,7,96,4.57,NE,1619638196
Uvat,59.1433,68.8953,5.47,90,100,2.21,RU,1619638196
Linguère,15.3953,-15.1193,41.0,26,0,3.09,SN,1619638197
Rock Hill,34.9249,-81.0251,30.0,53,75,4.63,US,1619638197
Stann Creek Town,16.9692,-88.2321,31.0,62,40,4.63,BZ,1619638197
Grand-Bourg,15.8835,-61.3148,28.0,65,75,3.6,GP,1619638198
Wells,51.2079,-2.649,6.67,93,20,3.09,GB,1619638198
Helsinki,60.1695,24.9355,3.33,75,20,1.54,FI,1619638199
Bunia,1.5667,30.25,18.29,93,100,2.24,CD,1619638199
Ahipara,-35.1667,173.1667,12.29,80,25,3.52,NZ,1619638200
Garissa,-0.4536,39.6401,28.14,67,49,6.57,KE,1619638200
Ibagué,4.4389,-75.2322,24.0,69,75,1.03,CO,1619638172
Leeton,-34.5667,146.4,8.0,81,4,0.51,AU,1619638201
Codrington,-38.2667,141.9667,9.89,89,15,3.1,AU,1619638202
Port Lincoln,-34.7333,135.8667,16.46,57,8,1.52,AU,1619638202
Mirny,62.5353,113.9611,-9.18,94,12,0.09,RU,1619638204
Petawawa,45.9001,-77.3328,10.0,76,90,1.54,CA,1619638205
Osa,57.2829,55.4567,2.49,82,27,3.32,RU,1619638205
Sharlyk,52.9167,54.75,6.25,76,100,4.33,RU,1619638206
Benghazi,32.1167,20.0667,27.6,25,100,6.43,LY,1619638206
Noumea,-22.2763,166.4572,22.22,94,0,1.03,NC,1619637947
Miramar,25.9873,-80.2323,29.0,54,75,4.63,US,1619638207
Abashiri,44.0213,144.2697,6.35,70,99,1.41,JP,1619638208
Kattivākkam,13.2167,80.3167,30.0,79,20,1.54,IN,1619638208
Kavarna,43.4333,28.3333,11.0,82,75,3.6,BG,1619638209
Taoudenni,22.6783,-3.9836,36.74,13,90,3.15,ML,1619638209
Barra,-11.0894,-43.1417,31.48,38,39,3.02,BR,1619638210
Isangel,-19.55,169.2667,20.0,77,20,6.74,VU,1619638210
Gudāri,19.35,83.7833,26.87,78,93,1.86,IN,1619638210
Jérémie,18.65,-74.1167,26.99,67,33,1.18,HT,1619638211
Yelizovo,53.1873,158.3805,3.0,100,100,2.0,RU,1619638211
Baryatino,54.3121,34.521,1.53,93,44,2.91,RU,1619638212
Balad,34.0164,44.1453,25.77,24,0,3.21,IQ,1619638212
Oloron-Sainte-Marie,43.1944,-0.6107,13.0,82,75,3.6,FR,1619638213
Huancavelica,-12.7667,-74.9833,10.45,42,74,4.68,PE,1619638213
Hokitika,-42.7167,170.9667,10.26,70,100,2.33,NZ,1619638170
San Patricio,28.017,-97.5169,33.0,62,1,9.77,US,1619638151
Tazovsky,67.4667,78.7,-0.5,98,100,3.05,RU,1619638214
Santa Isabel Rio Negro,-0.4139,-65.0192,28.48,80,96,0.84,BR,1619637960
Cabo San Lucas,22.8909,-109.9124,25.0,56,20,5.14,MX,1619638215
Katsuura,35.1333,140.3,18.0,77,75,7.2,JP,1619638215
Raudeberg,61.9875,5.1352,5.56,76,4,9.08,NO,1619638216
Pevek,69.7008,170.3133,-8.47,87,100,3.92,RU,1619638206
Sena Madureira,-9.0656,-68.6569,25.71,90,99,1.57,BR,1619638217
San Buenaventura,27.0833,-101.5333,39.0,17,40,7.72,MX,1619638217
Charcas,23.1333,-101.1167,31.07,8,5,9.89,MX,1619638218
Road Town,18.4167,-64.6167,24.0,94,75,6.69,VG,1619638218
Bakau,13.4781,-16.6819,24.0,69,0,6.17,GM,1619638218
Mahajanga,-15.7167,46.3167,26.0,94,20,1.03,MG,1619638219
Vallenar,-28.5708,-70.7581,25.97,31,0,3.28,CL,1619638219
Bengkulu,-3.8004,102.2655,24.15,90,100,1.65,ID,1619638220
Pecica,46.1667,21.0667,12.22,76,20,3.6,RO,1619638220
Acapulco de Juárez,16.8634,-99.8901,29.0,74,40,5.66,MX,1619638009
Eyl,7.9803,49.8164,28.83,73,13,4.29,SO,1619638221
Sítio Novo do Tocantins,-5.5183,-47.4611,27.0,83,75,1.03,BR,1619638222
Thunder Bay,48.4001,-89.3168,14.0,44,20,5.14,CA,1619638222
Ketchikan,55.3422,-131.6461,8.0,93,90,2.57,US,1619638222
Burnie,-41.0667,145.9167,11.11,90,99,3.39,AU,1619638223
Vardø,70.3705,31.1107,-5.0,93,75,4.63,NO,1619638223
Tual,-5.6667,132.75,28.51,68,86,2.94,ID,1619638224
Kambove,-10.8764,26.5969,18.87,86,78,1.62,CD,1619638225
Mossamedes,-15.1961,12.1522,24.37,69,5,5.77,AO,1619638225
Vao,-22.6667,167.4833,23.26,54,91,6.56,NC,1619638225
Port Hardy,50.6996,-127.4199,10.0,93,90,5.14,CA,1619638203
Barra de Tecoanapa,16.5167,-98.75,30.88,54,21,5.65,MX,1619638226
Knysna,-34.0363,23.0471,15.0,88,90,3.09,ZA,1619638227
Clyde River,70.4692,-68.5914,-5.0,80,20,2.43,CA,1619638227
Bosaso,11.2842,49.1816,30.19,61,90,1.78,SO,1619638227
Fuerte Olimpo,-21.0415,-57.8738,27.38,31,60,2.72,PY,1619638228
Yulara,-25.2406,130.9889,11.0,54,0,3.6,AU,1619638229
Molos,38.8167,22.65,17.22,85,0,0.5,GR,1619638229
Conceição do Araguaia,-8.2578,-49.2647,28.0,69,0,1.54,BR,1619638229
Tomatlán,19.9333,-105.25,31.85,45,99,5.66,MX,1619638230
Scottsbluff,41.8666,-103.6672,18.0,29,20,5.66,US,1619638230
Arrondissement de Saint-Gaudens,43.0833,0.6667,12.78,93,90,3.6,FR,1619637943
Payakumbuh,-0.2202,100.6308,21.27,96,100,0.74,ID,1619638231
Bogdanovich,56.7803,62.0494,5.59,70,100,5.06,RU,1619638231
Port Hueneme,34.1478,-119.1951,28.0,35,1,5.14,US,1619638232
Sinnamary,5.3833,-52.95,25.64,87,87,4.69,GF,1619638232
Trincomalee,8.5711,81.2335,27.61,77,10,2.36,LK,1619638233
San Juan,-31.5375,-68.5364,26.62,24,0,2.15,AR,1619638098
Karratha,-20.7377,116.8463,25.51,29,0,4.2,AU,1619638233
San Policarpo,12.1791,125.5072,25.91,73,100,1.87,PH,1619638234
Seoul,37.5683,126.9778,10.0,87,100,0.51,KR,1619638234
Pacific Grove,36.6177,-121.9166,17.78,63,1,3.09,US,1619638186
Sawākin,19.1059,37.3321,27.63,77,0,1.16,SD,1619638235
Ventspils,57.3894,21.5606,2.0,87,0,2.29,LV,1619638236
Vikulovo,56.8167,70.6107,9.96,60,100,4.38,RU,1619638236
Washougal,45.5826,-122.3534,18.89,55,1,1.54,US,1619638236
Varkaus,62.3153,27.873,0.56,80,0,0.51,FI,1619638237
Berdigestyakh,62.0989,126.6992,-14.7,99,92,1.41,RU,1619638237
Padang,-0.9492,100.3543,25.31,89,100,2.21,ID,1619638238
North Platte,41.1239,-100.7654,13.0,71,90,5.14,US,1619638238
Gisborne,-38.6533,178.0042,9.14,88,5,2.94,NZ,1619638192
Alta Floresta,-9.8756,-56.0861,30.0,70,20,2.06,BR,1619638239
Jennings,38.7192,-90.2604,21.11,94,75,3.09,US,1619638239
Barra do Corda,-5.5,-45.25,27.03,89,96,0.38,BR,1619638240
Rexburg,43.826,-111.7897,15.0,30,1,3.6,US,1619638240
Salinópolis,-0.6136,-47.3561,27.72,75,99,3.11,BR,1619638241
Ribeira Brava,32.65,-17.0667,18.0,68,40,4.63,PT,1619638241
Tabuk,17.4189,121.4443,21.81,83,15,1.48,PH,1619638242
Ratnagiri,16.9833,73.3,27.35,76,1,2.28,IN,1619638243
Velyka Mykhaylivka,47.0794,29.8514,8.25,66,90,1.29,UA,1619638244
Kenitra,34.261,-6.5802,18.0,77,40,2.06,MA,1619638244
Shitanjing,39.2342,106.3439,10.79,27,100,8.7,CN,1619638244
Saint-Nazaire,47.2833,-2.2,12.0,71,0,4.63,FR,1619638245
Santa Barbara,34.7333,-120.0343,29.44,25,1,3.09,US,1619638226
Yemtsa,63.0734,40.3329,-3.66,89,62,1.54,RU,1619638246
Olafsvik,64.8945,-23.7142,6.05,67,9,3.11,IS,1619638246
Karaton,-6.3424,106.1045,26.11,88,20,2.06,ID,1619638246
North Myrtle Beach,33.816,-78.68,25.56,64,1,8.23,US,1619638247
Açucena,-19.0731,-42.5464,29.0,58,0,1.03,BR,1619638248
Batemans Bay,-35.7167,150.1833,12.22,95,37,0.45,AU,1619638210
Nālūt,30.3333,10.85,31.43,15,87,4.0,LY,1619638249
Caucayá,-0.1934,-74.7819,28.3,63,82,1.34,CO,1619638249
Colares,38.7992,-9.4469,15.0,67,20,8.23,PT,1619638250
Tharād,24.3961,71.6267,29.26,44,34,4.7,IN,1619638250
Mount Isa,-20.7333,139.5,15.0,55,0,2.57,AU,1619638251
Omboué,-1.5746,9.2618,25.12,91,96,2.7,GA,1619638251
Petropavlovsk-Kamchatskiy,53.0452,158.6483,3.0,100,100,2.0,RU,1619638251
Thyolo,-16.0678,35.1405,18.21,89,9,1.61,MW,1619638252
Teahupoo,-17.8333,-149.2667,28.0,74,20,1.54,PF,1619638252
Klaksvík,62.2266,-6.589,4.0,81,75,2.06,FO,1619638000
Paulo Afonso,-9.4061,-38.2147,34.0,38,40,4.12,BR,1619638253
Deniliquin,-35.5333,144.9667,8.33,89,8,1.58,AU,1619638254
Port Augusta,-32.5,137.7667,7.0,93,0,2.57,AU,1619638254
Acarí,-15.4311,-74.6158,24.18,62,91,3.57,PE,1619638255
Bowen,-20.0167,148.2333,20.0,88,40,3.6,AU,1619638255
Hīrāpur Hamesha,21.5333,79.7667,29.68,17,0,1.08,IN,1619638255
El Tigre,8.8875,-64.2454,31.6,41,100,2.01,VE,1619638256
Yerbogachën,61.2767,108.0108,-6.3,93,11,1.42,RU,1619638195
Jaciara,-15.9653,-54.9683,30.47,40,85,3.07,BR,1619638257
Manaure,11.7751,-72.4445,27.08,74,92,9.39,CO,1619638257
Tortolì,39.9256,9.6572,16.0,94,0,5.66,IT,1619638258
Okhotsk,59.3833,143.3,-1.97,89,100,2.73,RU,1619638258
Koungou,-12.7336,45.2042,27.0,83,20,3.6,YT,1619638258
Acajutla,13.5928,-89.8275,32.0,45,20,2.06,SV,1619638259
Sibolga,1.7427,98.7792,24.52,90,100,1.74,ID,1619638259
Kyabé,9.4515,18.9449,29.14,54,97,5.69,TD,1619638260
Tomé,-36.6167,-72.95,19.0,72,0,6.17,CL,1619638261
Beloha,-25.1667,45.05,21.89,90,0,2.09,MG,1619638261
Auki,-8.7676,160.7034,24.46,85,78,1.97,SB,1619638261
San Fernando del Valle de Catamarca,-28.4696,-65.7852,25.56,58,13,0.89,AR,1619638246
Berlevåg,70.8578,29.0864,-6.0,86,75,5.66,NO,1619638262
Coos Bay,43.3665,-124.2179,17.22,72,1,3.6,US,1619638263
Tromsø,69.6496,18.957,-1.0,80,75,3.09,NO,1619638263
Tura,25.5198,90.2201,26.08,35,0,2.04,IN,1619638263
Huichapan,20.3833,-99.65,28.0,26,1,4.12,MX,1619638264
Benjamin Constant,-4.3831,-70.0311,28.0,83,75,3.6,BR,1619638264
San Cristobal,7.7669,-72.225,27.0,74,75,1.54,VE,1619638036
Burgeo,47.6167,-57.6152,3.71,95,100,5.46,CA,1619638265
Benguela,-12.5763,13.4055,26.27,79,35,2.0,AO,1619638266
Beringovskiy,63.05,179.3167,-3.93,83,7,2.88,RU,1619638266
Malanje,-9.5402,16.341,19.73,84,89,1.01,AO,1619638267
São João da Barra,-21.6403,-41.0511,26.0,65,20,3.09,BR,1619638267
Oistins,13.0667,-59.5333,27.0,65,75,7.72,BB,1619638126
Kuusamo,65.9667,29.1833,-2.0,69,0,2.06,FI,1619638268
Dingle,10.9995,122.6711,23.13,89,73,2.54,PH,1619638268
Paamiut,61.994,-49.6678,2.02,85,100,2.25,GL,1619638194
Boende,-0.2167,20.8667,22.4,99,99,1.43,CD,1619638269
Zaraza,9.3503,-65.3245,31.45,46,100,0.8,VE,1619638270
Hässleholm,56.1591,13.7664,8.0,93,64,2.06,SE,1619638270
Zhigansk,66.7697,123.3711,-5.43,91,100,0.86,RU,1619638271
Tolaga Bay,-38.3667,178.3,11.15,80,1,1.82,NZ,1619638271
Bima,-8.4667,118.7167,22.21,91,29,1.54,ID,1619638091
Banda Aceh,5.5577,95.3222,26.43,79,94,1.28,ID,1619638272
Ibirataia,-14.0669,-39.6406,27.68,63,20,2.88,BR,1619638272
Cedar City,37.6775,-113.0619,13.89,40,90,8.75,US,1619638273
Shangzhi,45.2167,127.9667,3.1,41,65,1.06,CN,1619638273
Rāmjībanpur,22.8333,87.6167,27.84,73,0,3.91,IN,1619638040
